----------------------------------Insert into table users----------------------------------
insert into users values('user0001','blyat1234','comradekat@gmail.com','Tran Van Anh','20','1','Student','0123456789','District 1','HCMC',1,10);
insert into users values('user0002','noname12','generation2@gmail.com','Alexander Sam','28','1','Engineer','0921235326','Blackpool','Lancashire',0,0);
insert into users values('user0003','soneqeqeq','main_garen@gmail.com','Mohamed Sela','26','1','Teacher','0312351151','','HCMC',2,1200);
insert into users values('user0004','susan0175','teacher_three@gmail.com','Phan Tan Trung','31','1','Employee','0421415161','District 10','HCMC',2,575);
insert into users values('user0005','soobin1124','g2win@gmail.com','Donald Trump','40','1','Student','0129341121','Brooklyn','New York',0,0);
insert into users values('user0006','helloworld','iamA@gmail.com','Nguyen Van An','18','1','Student','0391234567','District 10','Ho Chi Minh City',2,650);
insert into users values('user0007','xinchaovietnam','BeautifulGirl@gmail.com','Nguyen Thi Thuy Kieu','21','0','','0392121211','District Nguyen Du','',1,20);
insert into users values('user0008','hackpasslamcho','Wukong@gmail.com','Te Thien Dai Thanh','20','1','Actor','0392125467','','Thien Dinh City',1,100);
insert into users values('user0009','khongcotienboccutmaan','onenightcost1000dollar@yahoo.com.vn','Trinh Ngoc Trinh','30','0','Model','0394561234','District Tran Duy Hung','Ha Noi City','2','446');
insert into users values('user0010','chayngayditrckhi','SonTungSky4ever@gmail.com','Nguyen Thanh Tung','25','0','Singer/Musician','0321315415','District Thai Binh','Thai Binh Province','1','0');
insert into users values('user0011','oidoioiezvl','500bros@yahoo.com','Mai Nam Hai','27','1','Engineer','0214515562','District Hoang Mai','Ha Noi','0','0');
insert into users values('user0012','FangirlKPOP','ooppps@gmail.com','Tran Thi My','22','0','Student','0214515562','District 3','Fukushima','1','45');
insert into users values('user0013','tuilanhanvien','xzaviermiller69@gmail.com','Junior Stein','20','0','IT consultant','0312314151','','Paris','0','0');
insert into users values('user0014','tuilanhanvien','michaelwilson78@gmail.com','Fletcher Garcia','20','1','IT consultant','0132154153','','Clearfield','0','0');
insert into users values('user0015','tuilanhanvien','roytaylor53@gmail.com','Damian Potts','20','1','IT consultant','0745429435','','Durant','0','0');
insert into users values('user0016','tuilanhanvien','vyyt1@gmail.com','Nguyen Khai Vy','20','1','IT consultant','0576734044','','Tokyo','0','0');
insert into users values('user0017','tuilagiaovien','tham121@gmail.com','Tran Thi Tham','42','0','Teacher','0983401177','District Earth','Loxton','2','120');
insert into users values('user0018','tuilagiaovien','avajones71@gmail.com','Jose Nguyen','29','1','Teacher','0453494201','District Mars','Shiraz','2','0');
insert into users values('user0019','tuilagiaovien','hamburn1397@gmail.com','Maximillian Hamilton','35','1','Laboratory technician','0789311453','District Saturn','Paris','2','257');
insert into users values('user0020','tuilagiaovien','eric.V@gmail.com','Professor V','20','1','Teacher','0758321104','District Jupiter','Bucharest','2','44');
insert into users values('user0021','tuilauser','paityneady75@gmail.com','Maryanka','26','1','Student','0676421221','District 1','HCM City','1','17');
insert into users values('user0022','tuilauser','stephenwhite87@yahoo.com','Corita','35','0','Journalist','0676421221','District 1','HCM City','1','15');
insert into users values('user0023','tuilauser','ericeady09@yahoo.com','Dostinkie','15','1','Student','0778664323','District 2','Bien Hoa City','1','0');
insert into users values('user0024','tuilauser','dallasallen04@yahoo.com','Harina Roclaw','15','0','','0786543756','District 3','HCM City','1','5');
insert into users values('user0025','tuilauser','213waw@gmail.com','Alexandra Ashley','24','1','Accountant','0524566886','District 4','Da Nang City','1','21');
insert into users values('user0026','tuilauser','latue13@gmail.com','Cory Stokes','15','1','Student','0676421221','District 5','Loxton','1','0');
insert into users values('user0027','tuilauser','user08@gmail.com','Linda Sandoval','17','0','Student','0344523113','District 6','Ben Tre City','1','122');
insert into users values('user0028','tuilauser','aldoedwards20@yahoo.com','Bella York','18','1','Student','0676421221','District 7','Stapleford','1','0');
insert into users values('user0029','tuilauser','ucykae@gmail.com','Ria Johnston','18','0','Student','0234555545','District 8','HCM City','1','85');
insert into users values('user0030','tuilauser','toaster21@gmail.com','Hua Yuma','22','0','Business consultant','0744234262','District 9','Ha Noi City','1','20');
insert into users values('user0031','tuilauser','nopenopr1@gmail.com','Fatima Camacho','24','0','Lawyer','0676421221','District 10','Clearfield','1','79');
insert into users values('user0032','tuilauser','proplayer99@gmail.com','Cheng Hai','21','1','Student','0543543132','District 11','Nagoya','1','0');
insert into users values('user0033','tuilauser','thanos123@gmail.com','Amy Trujillo','19','0','Student','0676421221','District 12','Paris','1','88');
insert into users values('user0034','tuilauser','orionbrown85@yahoo.com','Lisa Oconnor','19','1','Student','0861231345','District 13','HCM City','1','34');
insert into users values('user0035','tuilauser','nothingmore@gmail.com','Jerry Hart','17','0','Student','0878689301','District 14','HCM City','1','17');
insert into users values('user0036','tuilauser','jarvis31@gmail.com','Tony Stark','18','0','Student','0896321473','District 15','Ha Noi City','1','0');

------------------------Insert into Table lecturers------------------------
insert into lectures values('user0003','master','an extraordinary teacher, a really good mentor and has a lot of great lessons.');
insert into lectures values('user0004','bachelor','Best teacher');
insert into lectures values('user0006','bachelor','has an admiring personality and a different way of teaching.');
insert into lectures values('user0009','PhD','15 years experience in teaching ');
insert into lectures values('user0017','PhD','Open Minded, and very close with students');
insert into lectures values('user0018','bachelor','200 IQ');
insert into lectures values('user0019','bachelor','A famous teacher from Singapore, with 3 years experience as University teacher');
insert into lectures values('user0020','master','An unbelievable person, considered as Einstein of 21st century');

------------------------Insert into Table employees------------------------
insert into employees values('user0002','Comment Censor');
insert into employees values('user0005','Topic Censor');
insert into employees values('user0011','Topic Censor');
insert into employees values('user0013','Administrator');
insert into employees values('user0014','Administrator');
insert into employees values('user0015','Comment Censor');
insert into employees values('user0016','Administrator');

------------------------Insert into Table students------------------------
insert into students (students_id,students_score,students_level)  values('user0001','20','beginner');
insert into students (students_id,students_score,students_level) values('user0007','0','beginner');
insert into students (students_id,students_score,students_level) values('user0008','55','intermediate');
insert into students (students_id,students_score,students_level) values('user0010','120','advanced');
insert into students (students_id,students_score,students_level) values('user0012','10','intermediate');
insert into students (students_id,students_score,students_level) values('user0021','44','beginner');
insert into students (students_id,students_score,students_level) values('user0022','13','beginner');
insert into students (students_id,students_score,students_level) values('user0023','134','intermediate');
insert into students (students_id,students_score,students_level) values('user0024','254','advanced');
insert into students (students_id,students_score,students_level) values('user0025','0','beginner');
insert into students (students_id,students_score,students_level) values('user0026','11','beginner');
insert into students (students_id,students_score,students_level) values('user0027','312','advanced');
insert into students (students_id,students_score,students_level) values('user0028','0','beginner');
insert into students (students_id,students_score,students_level) values('user0029','1170','advanced');
insert into students (students_id,students_score,students_level) values('user0030','0','beginner');
insert into students (students_id,students_score,students_level) values('user0031','50','advanced');
insert into students (students_id,students_score,students_level) values('user0032','251','intermediate');
insert into students (students_id,students_score,students_level) values('user0033','78','beginner');
insert into students (students_id,students_score,students_level) values('user0034','0','beginner');
insert into students (students_id,students_score,students_level) values('user0035','667','advanced');
insert into students (students_id,students_score,students_level) values('user0036','413','intermediate');

------------------------Insert into table courses------------------------
insert into courses values('CS1301','Python Fundamental','11','Computer Science','5','all about Fundamental','1/1/2017','6','0','1','user0009',0);
insert into courses values('CS1305','Database','11','Computer Science','5','','1/2/2017','8','2','1','user0009',0);
insert into courses values('CS1302','Complete C# Unity Developer 2D: Learn to Code Making Games','11','Development','1','Game development & design. Learn Unity 2018 in C#. Your first 7 2D Unity games for web, Mac & PC. Includes Tilemap','1/3/2017','8','1','1','user0004',6);
insert into courses values('CS1304','Complete C# Unity Developer 3D: Learn to Code Making Games','20','Development','3','Game development & design. Learn C# using Unity Engine. Your first 3D Unity games for web, Mac & PC.','2/5/2018','8','2','1','user0004',6);
insert into courses values('CS1307','Complete Python Bootcamp: Go from zero to hero in Python 3','20','Computer Science','2','Learn Python from scratch and go from zero to hero in Python','2/6/2018','6','0','1','user0017',6);
insert into courses values('MK1200','2020 YouTube Marketing & YouTube SEO To Get 1,000,000+ Views','15','Marketing','0','YouTube marketing to grow your subscribers & video views with YouTube SEO, recommendation algorithms, ads & YouTube live','1/1/2020','4','1','0','user0006',4);
insert into courses values('MK1201','YouTube Masterclass - Your Complete Guide to YouTube','15','Marketing','3','Complete guide to starting a YouTube channel, getting more views & subscribers, and building a brand with videos!','1/4/2018','5','0','1','user0006',5);
insert into courses values('CS1311','Learn Linux in 1 Month and Level Up Your Career','15','Computer Science','0','','2/3/2020','1','0','0','user0020',0);
insert into courses values('CS1321','Windows Server 2019: Active Directory, GPO, R. Server Access','25','Development','3','','3/5/2019','6','2','1','user0018',0);
insert into courses values('AR1121','Complete Guitar System - Beginner to Advanced','25','Art','0','All-in-one Guitar Course With a Proven Step-by-step Learning System','4/3/2019','12','0','0','user0003',12);

----------------------------------Insert into table join_in----------------------------------
insert into join_in values('user0023','CS1301','0',convert(datetime,'15/01/2017',103))
insert into join_in values('user0012','CS1301','0',convert(datetime,'20/02/2017',103))
insert into join_in values('user0035','CS1301','0',convert(datetime,'27/03/2017',103))
insert into join_in values('user0007','CS1301','0',convert(datetime,'25/06/2018',103))
insert into join_in values('user0010','CS1301','0',convert(datetime,'01/11/2019',103))
insert into join_in values('user0012','CS1305','0',convert(datetime,'19/03/2017',103))
insert into join_in values('user0030','CS1305','0',convert(datetime,'20/04/2017',103))
insert into join_in values('user0026','CS1305','0',convert(datetime,'30/08/2018',103))
insert into join_in values('user0035','CS1305','0',convert(datetime,'20/06/2019',103))
insert into join_in values('user0023','CS1305','0',convert(datetime,'05/06/2019',103))
insert into join_in values('user0030','CS1302','0',convert(datetime,'18/08/2019',103))
insert into join_in values('user0023','CS1304','0',convert(datetime,'07/07/2018',103))
insert into join_in values('user0012','CS1304','0',convert(datetime,'21/10/2019',103))
insert into join_in values('user0026','CS1304','0',convert(datetime,'30/10/2018',103))
insert into join_in values('user0008','CS1307','0',convert(datetime,'09/11/2019',103))
insert into join_in values('user0035','CS1307','0',convert(datetime,'17/11/2019',103))
insert into join_in values('user0029','MK1201','0',convert(datetime,'01/12/2018',103))
insert into join_in values('user0008','MK1201','0',convert(datetime,'12/03/2019',103))
insert into join_in values('user0012','MK1201','0',convert(datetime,'16/06/2019',103))
insert into join_in values('user0007','CS1321','0',convert(datetime,'21/06/2019',103))
insert into join_in values('user0010','CS1321','0',convert(datetime,'18/08/2019',103))
insert into join_in values('user0030','CS1321','0',convert(datetime,'26/11/2019',103))

----------------------------------Insert into table lessons----------------------------------
insert into lessons values('lesson001','MK1200','1','WARM WELCOME TO YOU & Course introduction','0',convert(datetime,'01/01/2020',103),'Introduction',0);
insert into lessons values('lesson002','MK1200','2','Starting with YouTube SEO: Keyword research, on page SEO,off page SEO','0',convert(datetime,'01/01/2020',103),'First Step',0);
insert into lessons values('lesson003','MK1200','3','YouTube recommendation algorithm','1',convert(datetime,'01/01/2020',103),'Lets search',0);
insert into lessons values('lesson004','MK1200','4','More views from better video','0',convert(datetime,'01/01/2020',103),'Views more ',0);
insert into lessons values('lesson005','MK1201','1','Welcome to the Course','0',convert(datetime,'01/04/2018',103),'Introduction',4);
insert into lessons values('lesson006','MK1201','2','Video Equipment Recommendations','0',convert(datetime,'01/04/2018',103),'Preview',2);
insert into lessons values('lesson007','MK1201','3','Creating Your YouTube Channel From Scratch','0',convert(datetime,'02/04/2018',103),'',1);
insert into lessons values('lesson008','MK1201','4','Livestreaming on YouTube','1',convert(datetime,'02/04/2018',103),'',4);
insert into lessons values('lesson009','MK1201','5','How to Make Money On YouTube','2',convert(datetime,'03/04/2018',103),'',0);
insert into lessons values('lesson010','CS1302','1','Why You Should Buy This Course','0',convert(datetime,'01/03/2017',103),'Preview',0);
insert into lessons values('lesson011','CS1302','2','Number Wizard-Basic C#','0',convert(datetime,'01/03/2017',103),'',0);
insert into lessons values('lesson012','CS1302','3','Text101','0',convert(datetime,'01/03/2017',103),'',0);
insert into lessons values('lesson013','CS1302','4','Block Breaker','1',convert(datetime,'02/03/2017',103),'',0);
insert into lessons values('lesson014','CS1302','5','Laser Defender','1',convert(datetime,'02/03/2018',103),'',0);
insert into lessons values('lesson015','CS1302','6','Continue Your GameDev Journey','1',convert(datetime,'04/03/2018',103),'Final Lesson. Ready to make your first own Game!',0);
insert into lessons values('lesson016','CS1304','1','Why You Should Buy This Course','0',convert(datetime,'02/05/2018',103),'Introduction',0);
insert into lessons values('lesson017','CS1304','2','How To Use This Course','0',convert(datetime,'02/05/2018',103),'Preview',0);
insert into lessons values('lesson018','CS1304','3','Introducing Unity','0',convert(datetime,'02/05/2018',103),'',0);
insert into lessons values('lesson019','CS1304','4','The Wonder Of Prefabs','0',convert(datetime,'02/05/2018',103),'learn about Prefabs',0);
insert into lessons values('lesson020','CS1304','5','Realm Rush - Tower Defender','1',convert(datetime,'03/05/2018',103),'Make Tower Defence Game',0);
insert into lessons values('lesson021','CS1304','6','Zombie Runner-First Person Shooter','2',convert(datetime,'04/05/2018',103),'Make Your First FPS Game-Finish This Course !',0);
insert into lessons values('lesson022','CS1307','1','Course Introduction & Curriculum Overview','0',convert(datetime,'02/06/2019',103),'Preview',0);
insert into lessons values('lesson023','CS1307','2','Python Setup','0',convert(datetime,'02/06/2019',103),'Setup Your Python',0);
insert into lessons values('lesson024','CS1307','3','Python Object and Data','0',convert(datetime,'02/06/2019',103),'Python Object and Data Structure Basics',0);
insert into lessons values('lesson025','CS1307','4','Python Statements','0',convert(datetime,'03/06/2019',103),'Python Statements',0);
insert into lessons values('lesson026','CS1307','5','Methods and Functions','1',convert(datetime,'04/06/2019',103),'',0);
insert into lessons values('lesson027','CS1307','6','Modules and Packages','1',convert(datetime,'05/06/2019',103),'',0);
insert into lessons values('lesson028','AR1121','1','Beginner - Core','0',convert(datetime,'04/03/2019',103),'Core Concept',0);
insert into lessons values('lesson029','AR1121','2','Beginner -  Solid Foundation','0',convert(datetime,'04/03/2019',103),'Fundamental',0);
insert into lessons values('lesson030','AR1121','3','Beginner - Technique','0',convert(datetime,'04/03/2019',103),'Simple Technique',0);
insert into lessons values('lesson031','AR1121','4','Beginner - Theory','0',convert(datetime,'04/03/2019',103),'Fundamental',0);
insert into lessons values('lesson032','AR1121','5','Beginner - Chord','1',convert(datetime,'04/03/2019',103),'Fundamental',0);
insert into lessons values('lesson033','AR1121','6','Beginner - Scale','1',convert(datetime,'04/03/2019',103),'Advanced Technique and Application',0);
insert into lessons values('lesson034','AR1121','7','Advanced - Technique - Finger Picking','2',convert(datetime,'04/03/2019',103),'Advanced Technique and Application',0);
insert into lessons values('lesson035','AR1121','8','Advanced - Technique - Travis Picking','2',convert(datetime,'04/03/2019',103),'Advanced Technique and Application',0);
insert into lessons values('lesson036','AR1121','9','Advanced - Technique - Sweep Picking','2',convert(datetime,'04/03/2019',103),'Advanced Technique and Application',0);
insert into lessons values('lesson037','AR1121','10','Advanced - Theory','2',convert(datetime,'04/03/2019',103),'Advanced Topic',0);
insert into lessons values('lesson038','AR1121','11','Advanced - Chord','2',convert(datetime,'04/03/2019',103),'Advanced Topic',0);
insert into lessons values('lesson039','AR1121','12','Advanced - Scale','2',convert(datetime,'04/03/2019',103),'Advanced Topic',0);

----------------------------------Insert into table orders----------------------------------
insert into orders values('order0001','user0023',convert(datetime,'14/10/2017',103),'1','CS1301');
insert into orders values('order0002','user0023',convert(datetime,'04/06/2019',103),'1','CS1305');
insert into orders values('order0003','user0035',convert(datetime,'26/03/2017',103),'1','CS1301');
insert into orders values('order0004','user0010',convert(datetime,'25/11/2019',103),'1','CS1321');
insert into orders values('order0005','user0030',convert(datetime,'19/04/2017',103),'1','CS1305');
insert into orders values('order0006','user0010',convert(datetime,'15/05/2018',103),'-1','MK1201');
insert into orders values('order0007','user0029',convert(datetime,'06/07/2017',103),'-1','CS1301');
insert into orders values('order0008','user0012',convert(datetime,'19/02/2017',103),'1','CS1301');
insert into orders values('order0009','user0030',convert(datetime,'16/08/2019',103),'1','CS1302');
insert into orders values('order0010','user0035',convert(datetime,'01/11/2018',103),'-1','MK1201');
insert into orders values('order0011','user0012',convert(datetime,'19/03/2017',103),'1','CS1305');
insert into orders values('order0012','user0023',convert(datetime,'06/07/2018',103),'1','CS1304');
insert into orders values('order0013','user0007',convert(datetime,'22/06/2018',103),'1','CS1301');
insert into orders values('order0014','user0008',convert(datetime,'03/02/2018',103),'-1','CS1305');
insert into orders values('order0015','user0035',convert(datetime,'19/06/2019',103),'1','CS1305');
insert into orders values('order0016','user0007',convert(datetime,'18/06/2019',103),'1','CS1321');
insert into orders values('order0017','user0010',convert(datetime,'29/10/2019',103),'1','CS1301');
insert into orders values('order0018','user0008',convert(datetime,'08/11/2019',103),'1','CS1307');
insert into orders values('order0019','user0035',convert(datetime,'16/11/2019',103),'1','CS1307');
insert into orders values('order0020','user0008',convert(datetime,'11/03/2019',103),'1','MK1201');
insert into orders values('order0021','user0030',convert(datetime,'25/11/2019',103),'1','CS1321');
insert into orders values('order0022','user0026',convert(datetime,'29/10/2018',103),'1','CS1304');
insert into orders values('order0023','user0012',convert(datetime,'20/10/2019',103),'1','CS1304');
insert into orders values('order0024','user0012',convert(datetime,'15/06/2019',103),'1','MK1201');
insert into orders values('order0025','user0029',convert(datetime,'28/11/2018',103),'1','MK1201');
insert into orders values('order0026','user0026',convert(datetime,'01/12/2019',103),'0','CS1321');
insert into orders values('order0027','user0026',convert(datetime,'29/08/2018',103),'1','CS1305');
insert into orders values('order0028','user0023',convert(datetime,'01/12/2019',103),'0','AR1121');
insert into orders values('order0029','user0007',convert(datetime,'02/12/2019',103),'0','CS1304');






INSERT INTO topics (
topics_id, 
topics_name, 
topics_content, topics_status_censor,topics_courses_id,topics_users_id,topics_num_comments)VALUES('topic0001','Confuse about how to add 2 and 3?','I have not studied hard when i was in primary school so now plz tell me how to add 2 and 3:>',1,'CS1301','user0023',5)
INSERT INTO topics (topics_id, topics_name, topics_content, topics_status_censor,topics_courses_id,topics_users_id,topics_num_comments)VALUES('topic0002','Wonder why I cannot complete Assignment 4 of PPL?','This assignment is so difficult so you guys plz help me huhu',1,'CS1301','user0012',3)
INSERT INTO topics (topics_id, topics_name, topics_content, topics_status_censor,topics_courses_id,topics_users_id,topics_num_comments)VALUES('topic0003','Invalidate Timer in Swift','I am attempting to create an app in Xcode. I have a screen that switches the label every 30 seconds and that after x number of minutes, will switch to a screen that says Done!',1,'CS1301','user0023',0)
INSERT INTO topics (topics_id, topics_name, topics_content, topics_status_censor,topics_courses_id,topics_users_id,topics_num_comments)VALUES('topic0004','Python typing.Final don not work as expected','I searched about typing module and I saw examples like that: from typing import Final RATE: Final = 3000 RATE = 300 Documents are saying that RATE = 300 should raise an error, but it doesn',1,'CS1301','user0007',0)
INSERT INTO topics (topics_id, topics_name, topics_content, topics_status_censor,topics_courses_id,topics_users_id,topics_num_comments)VALUES('topic0005','Using jQuery Selectpick with dynamic IDs','I am using the jQuery selectpick plugin to customize one of my select lists. I turned this select list into a dynamic field that users can add new select select lists now.',1,'CS1301','user0010',4)
INSERT INTO topics (topics_id, topics_name, topics_content, topics_status_censor,topics_courses_id,topics_users_id,topics_num_comments)VALUES('topic0006','MySQLi Transaction Succeeds with bind_param Warning','I have been playing with mysqli transactions and have come across an issue. When I intend for both of my queries to fail because I have messed with one of the bind_param()s, the rollback() will not be',1,'CS1305','user0012',4)
INSERT INTO topics (topics_id, topics_name, topics_content, topics_status_censor,topics_courses_id,topics_users_id,topics_num_comments)VALUES('topic0007','Why use another file to handle a form in php?','For example is better having a single .php file or an .html/.php with the form and then another .php that would process the data or action in the form. Are there any security issues?',1,'CS1305','user0030',0)
INSERT INTO topics (topics_id, topics_name, topics_content, topics_status_censor,topics_courses_id,topics_users_id,topics_num_comments)VALUES('topic0008','Overlapping jQuery BootstrapDialog closing ruins scrolling on HTML Bootstrap','After struggling with this question for a while I found a solution. The ejs-dropdownlist tag is on a web page that is being developed using Angular. Here is the full XPath of the dropdown Im trying',1,'CS1305','user0026',0)
INSERT INTO topics (topics_id, topics_name, topics_content, topics_status_censor,topics_courses_id,topics_users_id,topics_num_comments)VALUES('topic0009','a erlang actor little demo','I have a small vuejs frontend application that I develop locally with hot reload working as expected. But for some reason it fails if I run: npm install npm run serve a second time and modify',1,'MK1201','user0029',0)
INSERT INTO topics (topics_id, topics_name, topics_content, topics_status_censor,topics_courses_id,topics_users_id,topics_num_comments)VALUES('topic0010','Using WebDriver on a web page built in Angular?','This assignment is so difficult so you guys plz help me huhu',1,'MK1201','user0008',0)
INSERT INTO topics (topics_id, topics_name, topics_content, topics_status_censor,topics_courses_id,topics_users_id,topics_num_comments)VALUES('topic0011','Vuejs frontend application fails after running npm install npm run serve the second time','Im trying to send a JSON data from my web to a Flask Server to insert in my MongoDB. When I try to make the POST request in my JavaScript code my XMLHttpRequest always return satus 0 and dont know ',1,'MK1201','user0012',0)
INSERT INTO topics (topics_id, topics_name, topics_content, topics_status_censor,topics_courses_id,topics_users_id,topics_num_comments)VALUES('topic0012','How i can know the leaf position and all the root before it in Huffman Tree?','This assignment is so difficult so you guys plz help me huhu',1,'MK1201','user0029',0)
INSERT INTO topics (topics_id, topics_name, topics_content, topics_status_censor,topics_courses_id,topics_users_id,topics_num_comments)VALUES('topic0013','Why is IntelliSense showing a star to the left of IsNullorEmpty','This assignment is so difficult so you guys plz help me huhu',1,'CS1304','user0023',0)
INSERT INTO topics (topics_id, topics_name, topics_content, topics_status_censor,topics_courses_id,topics_users_id,topics_num_comments)VALUES('topic0014','R Not Outputting Graphs in Org Babel','Using Microsoft Visual Studio Professional 2019 Version 16.4.1 IntelliSense is showing a star icon to the left of IsNullOrEmpty.',1,'CS1304','user0012',1)
INSERT INTO topics (topics_id, topics_name, topics_content, topics_status_censor,topics_courses_id,topics_users_id,topics_num_comments)VALUES('topic0015','Could you help me understand the following code','I was experimenting on wandbox in hopes of finding compiler warnings that would help with inadvertent dangling references in lambdas',1,'CS1304','user0026',1)

-------INSERT COMMENT TOPIC
INSERT INTO comments (comments_id,comments_content,comments_topics_id,comments_lessons_id,comments_users_id) VALUES('cmt0001','Theres no name2 column in either CUSTOMER table you need to rearrange the customer name columns, swapping for null to match the desired output. Once that is done, you do provide an alternative to the LEFT JOINs most of us came up with.', 'topic0001',Null,'user0012')
INSERT INTO comments (comments_id,comments_content,comments_topics_id,comments_lessons_id,comments_users_id) VALUES('cmt0002','name2 is an unknown column in the first half of that union (and name1 in the second half) ', 'topic0001',Null,'user0023')
INSERT INTO comments (comments_id,comments_content,comments_topics_id,comments_lessons_id,comments_users_id) VALUES('cmt0003',' there is in the customer2 table','topic0001',Null,'user0012')
INSERT INTO comments (comments_id,comments_content,comments_topics_id,comments_lessons_id,comments_users_id) VALUES('cmt0004','I think i hve some joined like this from 7 Tables', 'topic0001',Null,'user0035')
INSERT INTO comments (comments_id,comments_content,comments_topics_id,comments_lessons_id,comments_users_id) VALUES('cmt0005','Hmmm maybe you are wrong because I know that wrong', 'topic0001',Null,'user0023')
INSERT INTO comments (comments_id,comments_content,comments_topics_id,comments_lessons_id,comments_users_id) VALUES('cmt0006','oh I know this thing is really easy, you just need get calulator', 'topic0002',Null,'user0023')
INSERT INTO comments (comments_id,comments_content,comments_topics_id,comments_lessons_id,comments_users_id) VALUES('cmt0007','I do not think so, it really hard for me', 'topic0002',Null,'user0007')
INSERT INTO comments (comments_id,comments_content,comments_topics_id,comments_lessons_id,comments_users_id) VALUES('cmt0008','If my fur babies dont come straight from the streets and alleys ( and they usually do)', 'topic0002',Null,'user0035')
INSERT INTO comments (comments_id,comments_content,comments_topics_id,comments_lessons_id,comments_users_id) VALUES('cmt0009','I always adopt from the shelter. When I get there I always ask "Who is on Death Row? Who has been here the longest?". ', 'topic0006',Null,'user0012')
INSERT INTO comments (comments_id,comments_content,comments_topics_id,comments_lessons_id,comments_users_id) VALUES('cmt0010','For the life of me I cannot understand why such a beautiful, happy dog had to wait over 500 days to find her Forever Home! But She Did', 'topic0006',Null,'user0030')
INSERT INTO comments (comments_id,comments_content,comments_topics_id,comments_lessons_id,comments_users_id) VALUES('cmt0011','Happy Endings Are Wonderful, especially at Christmas Time', 'topic0006',Null,'user0023')
INSERT INTO comments (comments_id,comments_content,comments_topics_id,comments_lessons_id,comments_users_id) VALUES('cmt0012','You want to read a story about an American who was separated from her son in South America', 'topic0006',Null,'user0023')
INSERT INTO comments (comments_id,comments_content,comments_topics_id,comments_lessons_id,comments_users_id) VALUES('cmt0013','all of the injustices she endured......read', 'topic0014',Null,'user0023')
INSERT INTO comments (comments_id,comments_content,comments_topics_id,comments_lessons_id,comments_users_id) VALUES('cmt0014','yes people it happens to Americans too but unfortunately nobody made a fuss', 'topic0015',Null,'user0012')
INSERT INTO comments (comments_id,comments_content,comments_topics_id,comments_lessons_id,comments_users_id) VALUES('cmt0015','because they said she made the decision to move to Colombia with her Colombian husband and child', Null,'lesson005','user0029')
INSERT INTO comments (comments_id,comments_content,comments_topics_id,comments_lessons_id,comments_users_id) VALUES('cmt0016','This is heartbreaking', Null,'lesson005','user0008')
INSERT INTO comments (comments_id,comments_content,comments_topics_id,comments_lessons_id,comments_users_id) VALUES('cmt0017',' worry it will be coming to in the good Lord is working it those are his children too let his children', Null,'lesson005','user0012')
INSERT INTO comments (comments_id,comments_content,comments_topics_id,comments_lessons_id,comments_users_id) VALUES('cmt0018',' If, and this is a big if, they are really separated families.', Null,'lesson005','user0008')
INSERT INTO comments (comments_id,comments_content,comments_topics_id,comments_lessons_id,comments_users_id) VALUES('cmt0019','The policies of this Administration is inhumane',Null,'lesson006','user0029')
INSERT INTO comments (comments_id,comments_content,comments_topics_id,comments_lessons_id,comments_users_id) VALUES('cmt0020','no wonder that the UN has declared the policies at the boarder to be crimes against humanity', Null,'lesson006','user0012')
INSERT INTO comments (comments_id,comments_content,comments_topics_id,comments_lessons_id,comments_users_id) VALUES('cmt0021','I am confused....I just crossed the border last Thursday into Mexico and Friday into the USA', Null,'lesson007','user0029')
INSERT INTO comments (comments_id,comments_content,comments_topics_id,comments_lessons_id,comments_users_id) VALUES('cmt0022','There were equal amounts of people going both directions, and I means thousands', Null,'lesson008','user0008')
INSERT INTO comments (comments_id,comments_content,comments_topics_id,comments_lessons_id,comments_users_id) VALUES('cmt0023','And if laws were followed, they could meet freely. All they have to do is follow the law.', Null,'lesson008','user0029')
INSERT INTO comments (comments_id,comments_content,comments_topics_id,comments_lessons_id,comments_users_id) VALUES('cmt0024','The border was made to keep slaves from crossing into Mexico now that slavery was abolished its crazy to see that its still up', Null,'lesson008','user0012')
INSERT INTO comments (comments_id,comments_content,comments_topics_id,comments_lessons_id,comments_users_id) VALUES('cmt0025',' I don’t understand the meaning of this video. Are we saying there shouldnt be a barrier there?', Null,'lesson008','user0029')



INSERT INTO comments_topics VALUES('cmt0001','topic0001')
INSERT INTO comments_topics VALUES('cmt0002','topic0001')
INSERT INTO comments_topics VALUES('cmt0003','topic0001')
INSERT INTO comments_topics VALUES('cmt0004','topic0001')
INSERT INTO comments_topics VALUES('cmt0005','topic0001')
INSERT INTO comments_topics VALUES('cmt0006','topic0002')
INSERT INTO comments_topics VALUES('cmt0007','topic0002')
INSERT INTO comments_topics VALUES('cmt0008','topic0002')
INSERT INTO comments_topics VALUES('cmt0009','topic0006')
INSERT INTO comments_topics VALUES('cmt0010','topic0006')
INSERT INTO comments_topics VALUES('cmt0011','topic0006')
INSERT INTO comments_topics VALUES('cmt0012','topic0006')
INSERT INTO comments_topics VALUES('cmt0013','topic0014')
INSERT INTO comments_topics VALUES('cmt0014','topic0015')
INSERT INTO comments_lessons VALUES('cmt0015','lesson005')
INSERT INTO comments_lessons VALUES('cmt0016','lesson005')
INSERT INTO comments_lessons VALUES('cmt0017','lesson005')
INSERT INTO comments_lessons VALUES('cmt0018','lesson005')
INSERT INTO comments_lessons VALUES('cmt0019','lesson006')
INSERT INTO comments_lessons VALUES('cmt0020','lesson006')
INSERT INTO comments_lessons VALUES('cmt0021','lesson007')
INSERT INTO comments_lessons VALUES('cmt0022','lesson008')
INSERT INTO comments_lessons VALUES('cmt0023','lesson008')
INSERT INTO comments_lessons VALUES('cmt0024','lesson008')
INSERT INTO comments_lessons VALUES('cmt0025','lesson008')


